Artist,Song
Anycia,BACK OUTSIDE ft. Latto
Anycia,BRB
Anycia,SPLASH BROTHERS
BunnaB,Bunna Summa
BunnaB,Mad Again
BunnaB,POP DAT THANG
Karrahbooo,Splash Brothers
Karrahbooo,Running Late
Karrahbooo,On Time
PLUTO,New Atlanta
PLUTO,Hoes Be Mad
PLUTO,PLUTO (Remix)
YKNIECE,Innit ft. BunnaB
YKNIECE,Hardest Female
YKNIECE,YK Flow
Bankroll Ni,I'm So ATL
Bankroll Ni,Big Opps
TiaCorine,Twerk on the Flo
TiaCorine,Boat
TiaCorine,Thunder
Monaleo,Like That
Monaleo,Back It Up
Monaleo,Private Dancer
Bktherula,Arc'teryx
Bktherula,Prada Or Celine
Bktherula,Black & Tan
Molly Santana,FLAMMABLE
Molly Santana,UTOPIA
Molly Santana,Paint The Town Red
Anycia,BRB (2025 Remix)
Anycia,Gangsta Grillz (DJ Drama 2025)
BunnaB,Sweet Lick (Deluxe 2025)
BunnaB,Not My Problem
BunnaB,Free Him
Karrahbooo,Splash Brothers (2025 Remix)
Karrahbooo,ATL Drill
Karrahbooo,On Time (Live 2025)
PLUTO,New Atlanta (2025 Version)
PLUTO,Hoes Be Mad (Remix 2025)
YKNIECE,YK Flow (2025 Remix)
YKNIECE,Hardest Female (2025)
Bankroll Ni,I'm So ATL (2025 Remix)
Bankroll Ni,Big Opps (Drill Mix 2025)
Babyfxce E,FDO (2025)
Babyfxce E,MARCH
Babyfxce E,Ain't My Fault
Rob49,Shotta Flow 8 (2025 Remix)
Rob49,All On Me
Hurricane Wisdom,Lullaby Remix 2025
Hurricane Wisdom,Over Your Head
Zeddy Will,POP DAT THANG (2025)
Zeddy Will,HELICOPTER
FattMack,FDO
FattMack,MARCH
FattMack,Ain't My Fault
Baby Kia,OD CRASHIN
Baby Kia,HELLRAISER
Baby Kia,Let's Play A Game
Flo Milli,Never Lose Me (2025 Remix)
Flo Milli,Pussy Talk (Remix)
Mellow Buckzz,ATL Female Anthem
Mellow Buckzz,Viral Flow
STAR BANDZ,Star Status
STAR BANDZ,Bandz Up
Shelailai,Shelailai Flow
Samara Cyn,Cyn City
Viral Gap,Bunna Summa (Jersey Club 2025 Remix)
Viral Gap,I'm So ATL (Drill Mix 2025)
Viral Gap,BACK OUTSIDE (ATL 2025 Remix)
Viral Gap,Splash Brothers (Church Drill 2025)
Sexyy Red,Get It Sexyy (2025 ATL Remix)
Sexyy Red,U My Everything (2025)
GloRilla,TGIF (2025 ATL Remix)
GloRilla,Wanna Be (2025 Remix)
Latto,Big Energy (2025 ATL Remix)
Latto,Sunday Service (2025 Remix)
